{"name":"Cube","content":{"vertices":[-1,1,1,-1,-1,-1,-1,-1,1,-1,1,-1,1,-1,-1,1,1,-1,1,-1,1,1,1,1,-1,-1,1,-1,-1,1,-1,-1,-1,-1,1,-1,-1,1,1,-1,1,1],"indices":[0,2,1,3,1,4,5,4,6,7,6,8,4,10,9,11,5,7,0,1,3,3,4,5,5,6,7,7,8,12,4,9,6,11,7,13],"normals":[-0.5773720741271973,0.5773393511772156,0.5773393511772156,-0.5773720741271973,-0.5773393511772156,-0.5773393511772156,-0.5773284435272217,-0.5773611664772034,0.5773611664772034,-0.5773284435272217,0.5773611664772034,-0.5773611664772034,0.5773284435272217,-0.5773611664772034,-0.5773611664772034,0.5773720741271973,0.5773393511772156,-0.5773393511772156,0.5773720741271973,-0.5773393511772156,0.5773393511772156,0.5773284435272217,0.5773611664772034,0.5773611664772034,-0.5773284435272217,-0.5773611664772034,0.5773611664772034,-0.5773284435272217,-0.5773611664772034,0.5773611664772034,-0.5773720741271973,-0.5773393511772156,-0.5773393511772156,-0.5773284435272217,0.5773611664772034,-0.5773611664772034,-0.5773720741271973,0.5773393511772156,0.5773393511772156,-0.5773720741271973,0.5773393511772156,0.5773393511772156],"uvs":[0.625,1,0.375,0.75,0.375,1,0.625,0.75,0.375,0.5,0.625,0.5,0.375,0.25,0.625,0.25,0.375,0,0.125,0.25,0.125,0.5,0.875,0.5,0.625,0,0.875,0.25]}}